,Price,Bedrooms,Bathromms,Area,Realtor,City,Type
0,"Desde $ 212,000,000",2 Habs. ,2 Baños,48 m²,Coninsa Ramón H. S.A.,"Rionegro, Antioquia",Apartamento en venta
1,"$ 850,000,000",3 Habs. ,2 Baños,120 m²,ROYAL PROPIEDAD RAIZ,"Rionegro, Antioquia",Casa en  Venta
2,"$ 768,453,000",3 Habs. ,3 Baños,97 m²,NEXT- ONE INMOBILIARIA,"Rionegro, Antioquia",Apartamento en  Venta
3,"$ 890,000,000",4 Habs. ,4 Baños,170 m²,GUILLERMO DUQUE INMOBILIARIA S.A.S,"Rionegro, Antioquia",Casa en  Venta
4,"$ 270,000,000",3 Habs. ,2 Baños,54 m²,Coffee Realty SAS,"Rionegro, Antioquia",Apartamento en  Venta
5,"$ 6,500,000,000",6 Baños,400 m²,4 Habs. ,CONFORT GESTORES INMOBILIARIOS SAS,"Rionegro, Antioquia",Finca en  Venta
6,"$ 1,790,000,000",5 Baños,350 m²,2 Habs. ,Loperez Propiedad Raiz,"Rionegro, Antioquia",Casa Lote en venta
7,"$ 245,000,000",2 Baños,52 m²,2 Habs. ,Imubli,"Rionegro, Antioquia",Apartamento en venta
8,"$ 450,000,000",2 Baños,86.11 m²,3 Habs. ,Gómez Sierra Propiedades,"Rionegro, Antioquia",Apartamento en venta
9,"$ 1,990,000,000",3 Baños,2508 m²,2 Habs. ,Orienta Inmobiliaria,"Rionegro, Antioquia",Finca en venta
10,"$ 310,000,000",2 Baños,54 m²,2 Habs. ,ILAN INMOBILIARIA,"Rionegro, Antioquia",Apartamento en venta
11,"$ 340,000,000",2 Baños,60.75 m²,2 Habs. ,Loperez Propiedad Raiz,"Rionegro, Antioquia",Apartamento en venta
12,"$ 1,350,000,000",3 Baños,120 m²,3 Habs. ,Tengo Propiedad,"Rionegro, Antioquia",Apartamento en venta
13,"$ 980,000,000",3 Baños,126 m²,3 Habs. ,Coffee Realty SAS,"Rionegro, Antioquia",Apartamento en  Venta
14,"$ 280,000,000",2 Baños,72 m²,6 Habs. ,Orientamos S.A.S.,"Rionegro, Antioquia",Casa en venta
15,"$ 3,200,000,000",5 Baños,400 m²,7 Habs. ,URBAN REALTOR PROPIEDAD RAIZ,"Rionegro, Antioquia",Finca en venta
16,"$ 5,500,000,000",8 Baños,800 m²,2 Habs. ,EDEN INMOBILIARIO,"Rionegro, Antioquia",Casa en venta
17,"$ 495,000,000",2 Baños,7385 m²,8 Baños,BEMSA,"Rionegro, Antioquia",Apartamento en  Venta
18,"$ 5,000,000,000",3200 m²,2 Habs. ,3 Baños,Invertir Inmueble,"Rionegro, Antioquia",Finca en  Venta
19,"$ 565,000,000",82 m²,4 Habs. ,4 Baños,RHBRAIZ,"Rionegro, Antioquia",Apartamento en  Venta
20,"$ 2,850,000,000",382 m²,,,BEMSA,"Rionegro, Antioquia",Casa en  Venta
21,"$ 2,200,000,000",4 Habs. ,5 Baños,278 m²,BEMSA,"Rionegro, Antioquia",Casa en  Venta
22,"$ 1,270,000,000",4 Habs. ,4 Baños,220 m²,BEMSA,"Rionegro, Antioquia",Casa en  Venta
23,"$ 250,000,000",3 Habs. ,2 Baños,56 m²,BEMSA,"Rionegro, Antioquia",Apartamento en  Venta
24,"$ 700,000,000",4 Habs. ,4 Baños,150 m²,Orientamos S.A.S.,"Rionegro, Antioquia",Casa en venta
25,"$ 1,200,000,000",4 Habs. ,5 Baños,203 m²,BEMSA,"Rionegro, Antioquia",Casa en  Venta
26,"$ 680,000,000",4 Habs. ,4 Baños,142 m²,BEMSA,"Rionegro, Antioquia",Casa en  Venta
27,"$ 3,200,000,000",5 Habs. ,7 Baños,450 m²,PADS,"Rionegro, Antioquia",Casa en venta
28,"$ 840,000,000",3 Habs. ,4 Baños,340 m²,Houm,"Rionegro, Antioquia",Casa en venta
29,"$ 4,500,000,000",5 Habs. ,6 Baños,346 m²,BEMSA,"Rionegro, Antioquia",Apartamento en  Venta
30,"$ 289,000,000",3 Habs. ,2 Baños,56 m²,BEMSA,"Rionegro, Antioquia",Apartamento en  Venta
31,"$ 3,300,000,000",3 Habs. ,4 Baños,386 m²,BRIKSS SAS,"Rionegro, Antioquia",Casa en venta
32,"$ 460,000,000",2 Habs. ,2 Baños,67 m²,BEMSA,"Rionegro, Antioquia",Apartamento en  Venta
33,"$ 2,800,000,000",6 Habs. ,4 Baños,5000 m²,Arrendamientos Mabel Ochoa S.A.S,"Rionegro, Antioquia",Finca en venta
34,"$ 260,000,000",4 Habs. ,3 Baños,80 m²,BEMSA,"Rionegro, Antioquia",Casa en  Venta
35,"$ 700,000,000",4 Habs. ,3 Baños,220 m²,BEMSA,"Rionegro, Antioquia",Casa en  Venta
36,"$ 390,000,000",4 Habs. ,2 Baños,125 m²,RichiArbeláez Asesor Inmobiliario,"Rionegro, Antioquia",Casa en  Venta
37,"$ 1,250,000,000",4 Habs. ,4 Baños,230 m²,BEMSA,"Rionegro, Antioquia",Finca en  Venta
38,"$ 1,750,000,000",3 Habs. ,2 Baños,500 m²,GAVIRIA INMOBILIARIA,"Rionegro, Antioquia",Finca en venta
39,"$ 379,000,000",1 Habs. ,2 Baños,52 m²,BRIKSS SAS,"Rionegro, Antioquia",Apartamento en venta
40,"$ 3,650,000,000",4 Habs. ,3 Baños,259 m²,BRIKSS SAS,"Rionegro, Antioquia",Finca en venta
41,"$ 550,000,000",2 Habs. ,1 Baño,60 m²,BEMSA,"Rionegro, Antioquia",Apartamento en  Venta
42,"$ 2,600,000,000",5 Habs. ,5 Baños,310 m²,BEMSA,"Rionegro, Antioquia",Casa en  Venta
43,"$ 950,000,000",3 Habs. ,2 Baños,170 m²,BEMSA,"Rionegro, Antioquia",Casa en  Venta
44,"$ 1,650,000,000",5 Habs. ,6 Baños,366 m²,Umbral propiedad raíz,"Rionegro, Antioquia",Finca en  Venta
45,"$ 3,080,000,000",6 Habs. ,2 Baños,560 m²,BEMSA,"Rionegro, Antioquia",Casa en  Venta
46,"$ 490,000,000",2 Habs. ,2 Baños,60 m²,BEMSA,"Rionegro, Antioquia",Apartamento en  Venta
47,"$ 1,880,000,000",3 Habs. ,3 Baños,320 m²,RHBRAIZ,"Rionegro, Antioquia",Finca en  Venta
48,"$ 600,000,000",3 Habs. ,2 Baños,90 m²,BEMSA,"Rionegro, Antioquia",Apartamento en  Venta
49,"$ 3,000,000,000",5 Habs. ,5 Baños,410 m²,BEMSA,"Rionegro, Antioquia",Finca en  Venta
50,"$ 4,000,000,000",5 Habs. ,5 Baños,1700 m²,Inversiones Inmobiliarias,"Rionegro, Antioquia",Finca en venta
51,"$ 1,380,000,000",5 Habs. ,2 Baños,250 m²,BEMSA,"Rionegro, Antioquia",Finca en  Venta
52,"$ 244,989,000",2 Habs. ,2 Baños,52 m²,Coseinpro,"Rionegro, Antioquia",Apartamento en  Venta
53,"$ 265,000,000",2 Habs. ,2 Baños,59 m²,Coseinpro,"Rionegro, Antioquia",Apartamento en venta
54,"$ 540,000,000",3 Habs. ,3 Baños,110 m²,PADS,"Rionegro, Antioquia",Casa en venta
55,"$ 275,000,000",3 Habs. ,2 Baños,56 m²,BEMSA,"Rionegro, Antioquia",Apartamento en  Venta
56,"$ 565,289,000",1 Habs. ,2 Baños,67 m²,BEMSA,"Rionegro, Antioquia",Apartamento en  Venta
57,"$ 4,500,000,000",5 Habs. ,5 Baños,405 m²,BEMSA,"Rionegro, Antioquia",Casa en  Venta
58,"$ 359,000,000",2 Habs. ,2 Baños,82 m²,PADS,"Rionegro, Antioquia",Apartamento en venta
59,"$ 420,000,000",1 Habs. ,1 Baño,53 m²,BEMSA,"Rionegro, Antioquia",Apartamento en  Venta
60,"$ 4,500,000,000",3 Habs. ,2 Baños,35000 m²,Coseinpro,"Rionegro, Antioquia","Finca en venta, Rionegro"
61,"$ 550,000,000",1 Habs. ,2 Baños,82 m²,BEMSA,"Rionegro, Antioquia",Apartamento en  Venta
62,"$ 430,000,000",1 Habs. ,2 Baños,63 m²,BEMSA,"Rionegro, Antioquia",Apartamento en  Venta
63,"$ 2,200,000,000",5 Habs. ,4 Baños,380 m²,PADS,"Rionegro, Antioquia",Casa en venta
64,"$ 1,900,000,000",3 Habs. ,2 Baños,125 m²,RHBRAIZ,"Rionegro, Antioquia",Finca en  Venta
65,"$ 1,150,000,000",5 Habs. ,3 Baños,270 m²,BEMSA,"Rionegro, Antioquia",Finca en  Venta
66,"$ 280,000,000",3 Habs. ,2 Baños,74 m²,Ciclo Inmobiliario,"Rionegro, Antioquia",Apartamento en  Venta
67,"$ 1,900,000,000",5 Habs. ,6 Baños,500 m²,BEMSA,"Rionegro, Antioquia",Finca en  Venta
68,"$ 2,700,000,000",3 Habs. ,3 Baños,200 m²,BEMSA,"Rionegro, Antioquia",Finca en  Venta
69,"$ 5,800,000,000",5 Habs. ,4 Baños,800 m²,PADS,"Rionegro, Antioquia",Casa en venta
70,"$ 5,300,000,000",4 Habs. ,6 Baños,530 m²,BEMSA,"Rionegro, Antioquia",Casa en  Venta
71,"$ 2,850,000,000",5 Habs. ,8 Baños,440 m²,BEMSA,"Rionegro, Antioquia",Casa en  Venta
72,"$ 490,000,000",3 Habs. ,2 Baños,68 m²,Liliana Amaya Inmobiliaria,"Rionegro, Antioquia",Apartamento en venta
73,"$ 670,000,000",3 Habs. ,4 Baños,220 m²,BEMSA,"Rionegro, Antioquia",Casa en  Venta
74,"$ 1,790,000,000",4 Habs. ,5 Baños,380 m²,BEMSA,"Rionegro, Antioquia",Casa en  Venta
75,"$ 296,800,000",3 Habs. ,2 Baños,55 m²,Coseinpro,"Rionegro, Antioquia",Apartamento en  Venta
76,"$ 3,600,000,000",3 Habs. ,4 Baños,386 m²,DG Propiedad Raíz,"Rionegro, Antioquia",Casa en venta
77,"$ 1,200,000,000",4 Habs. ,3 Baños,220 m²,Houm,"Rionegro, Antioquia",Casa en venta
78,"$ 706,525,000",2 Habs. ,2 Baños,84 m²,BEMSA,"Rionegro, Antioquia",Apartamento en  Venta
79,"$ 320,000,000",2 Habs. ,2 Baños,62 m²,Houm,"Rionegro, Antioquia",Apartamento en venta
80,"$ 450,000,000",3 Habs. ,2 Baños,85.21 m²,Coseinpro,"Rionegro, Antioquia",Casa en venta
81,"$ 2,950,000,000",4 Habs. ,5 Baños,350 m²,DG Propiedad Raíz,"Rionegro, Antioquia",Casa en venta
82,"$ 680,000,000",5 Habs. ,3 Baños,240 m²,BEMSA,"Rionegro, Antioquia",Casa en  Venta
83,"$ 1,650,000,000",4 Habs. ,3 Baños,182 m²,BEMSA,"Rionegro, Antioquia",Casa en  Venta
84,"$ 495,000,000",3 Habs. ,2 Baños,62 m²,FERNANDEZ & ASOCIADOS,"Rionegro, Antioquia",Apartamento en venta
85,"$ 3,800,000,000",3 Habs. ,3 Baños,364 m²,BEMSA,"Rionegro, Antioquia",Casa en  Venta
86,"$ 7,500,000,000",4 Habs. ,6 Baños,1000 m²,TU GESTOR INMOBILIARIA,"Rionegro, Antioquia",Casa en  Venta
87,"$ 240,000,000",3 Habs. ,2 Baños,56 m²,Orientamos S.A.S.,"Rionegro, Antioquia",Apartamento en venta
88,"$ 220,000,000",3 Habs. ,2 Baños,53 m²,BEMSA,"Rionegro, Antioquia",Apartamento en  Venta
89,"$ 950,000,000",3 Habs. ,4 Baños,202 m²,Houm,"Rionegro, Antioquia",Casa en venta
90,"$ 850,000,000",4 Habs. ,5 Baños,240 m²,Orientamos S.A.S.,"Rionegro, Antioquia",Casa en venta
91,"$ 530,000,000",2 Habs. ,2 Baños,58 m²,FERNANDEZ & ASOCIADOS,"Rionegro, Antioquia",Apartamento en venta
92,"$ 575,000,000",3 Habs. ,2 Baños,88 m²,BEMSA,"Rionegro, Antioquia",Apartamento en  Venta
93,"$ 430,000,000",1 Habs. ,2 Baños,62 m²,BEMSA,"Rionegro, Antioquia",Apartamento en  Venta
94,"$ 690,000,000",4 Habs. ,4 Baños,168 m²,Orientamos S.A.S.,"Rionegro, Antioquia",Casa en venta
95,"$ 2,290,000,000",3 Habs. ,4 Baños,2830 m²,Orientamos S.A.S.,"Rionegro, Antioquia",Casa en venta
96,"$ 950,000,000",3 Habs. ,4 Baños,163 m²,Umbral propiedad raíz,"Rionegro, Antioquia",Casa en  Venta
97,"$ 4,500,000,000",3 Habs. ,5 Baños,362 m²,RHBRAIZ,"Rionegro, Antioquia",Casa en  Venta
98,"$ 220,000,000",3 Habs. ,2 Baños,60 m²,BEMSA,"Rionegro, Antioquia",Casa en  Venta
99,"$ 260,000,000",2 Habs. ,1 Baño,51 m²,ROYAL PROPIEDAD RAIZ,"Rionegro, Antioquia",Apartamento en  Venta
100,"$ 565,000,000",2 Habs. ,3 Baños,82 m²,BRIKSS SAS,"Rionegro, Antioquia",Apartamento en venta
101,"$ 1,590,000,000",4 Habs. ,3 Baños,350 m²,BEMSA,"Rionegro, Antioquia",Finca en  Venta
102,"$ 410,000,000",3 Habs. ,2 Baños,68 m²,ROYAL PROPIEDAD RAIZ,"Rionegro, Antioquia",Apartamento en  Venta
103,"$ 620,000,000",3 Habs. ,3 Baños,100 m²,Orientamos S.A.S.,"Rionegro, Antioquia",Casa en  Venta
104,"$ 620,000,000",3 Habs. ,2 Baños,87 m²,BEMSA,"Rionegro, Antioquia",Apartamento en  Venta
105,"$ 1,100,000,000",4 Habs. ,5 Baños,185 m²,Umbral propiedad raíz,"Rionegro, Antioquia",Casa en  Venta
106,"$ 2,200,000,000",4 Habs. ,7 Baños,2230 m²,Orientamos S.A.S.,"Rionegro, Antioquia",Finca en venta
107,"$ 1,550,000,000",3 Habs. ,3 Baños,2700 m²,Orientamos S.A.S.,"Rionegro, Antioquia",Finca en venta
108,"$ 390,000,000",2 Habs. ,2 Baños,63 m²,BRIKSS SAS,"Rionegro, Antioquia",Apartamento en venta
109,"$ 4,400,000,000",5 Habs. ,5 Baños,600 m²,RHBRAIZ,"Rionegro, Antioquia",Casa en  Venta
110,"$ 3,500,000,000",4 Habs. ,5 Baños,260 m²,BEMSA,"Rionegro, Antioquia",Finca en  Venta
111,"$ 180,000,000",3 Habs. ,2 Baños,54 m²,Orientamos S.A.S.,"Rionegro, Antioquia",Apartamento en venta
112,"$ 460,000,000",2 Habs. ,2 Baños,70 m²,RHBRAIZ,"Rionegro, Antioquia",Apartamento en  Venta
113,"$ 565,289,000",1 Habs. ,2 Baños,67 m²,BEMSA,"Rionegro, Antioquia",Apartamento en  Venta
114,"$ 490,000,000",2 Habs. ,2 Baños,60 m²,FERNANDEZ & ASOCIADOS,"Rionegro, Antioquia",Apartamento en venta
115,"$ 780,000,000",3 Habs. ,2 Baños,96 m²,BEMSA,"Rionegro, Antioquia",Apartamento en  Venta
116,"$ 8,500,000,000",270 m²,4 Habs. ,4 Baños,BEMSA,"Rionegro, Antioquia",Finca en  Venta
117,"$ 3,000,000,000",360 m²,3 Habs. ,2 Baños,BRIKSS SAS,"Rionegro, Antioquia",Casa en venta
118,"$ 650,000,000",70 m²,5 Habs. ,5 Baños,GAVIRIA INMOBILIARIA,"Rionegro, Antioquia",Casa en venta
119,"$ 8,500,000,000",400 m²,3 Habs. ,3 Baños,BEMSA,"Rionegro, Antioquia",Finca en  Venta
120,"$ 2,050,000,000",160 m²,3 Habs. ,3 Baños,RHBRAIZ,"Rionegro, Antioquia",Apartamento en  Venta
121,"$ 800,000,000",134 m²,7 Habs. ,6 Baños,BEMSA,"Rionegro, Antioquia",Casa en  Venta
122,"$ 830,000,000",240 m²,4 Habs. ,5 Baños,Coseinpro,"Rionegro, Antioquia","Casa en venta, Rionegro"
123,"$ 16,480,000,000",550 m²,5 Habs. ,5 Baños,BEMSA,"Rionegro, Antioquia",Finca en  Venta
124,"$ 4,300,000,000",670 m²,4 Habs. ,3 Baños,PADS,"Rionegro, Antioquia",Casa en venta
125,"$ 670,000,000",170 m²,,,BEMSA,"Rionegro, Antioquia",Casa en  Venta
126,"$ 1,700,000,000",6 Habs. ,6 Baños,400 m²,BRIKSS SAS,"Rionegro, Antioquia",Finca en venta
127,"$ 379,000,000",1 Habs. ,2 Baños,52 m²,RHBRAIZ,"Rionegro, Antioquia",Apartamento en  Venta
128,"$ 1,700,000,000",5 Habs. ,5 Baños,3300 m²,BEMSA,"Rionegro, Antioquia",Finca en  Venta
129,"$ 2,400,000,000",4 Habs. ,5 Baños,2200 m²,BEMSA,"Rionegro, Antioquia",Casa en  Venta
130,"$ 628,000,000",3 Habs. ,3 Baños,90 m²,RichiArbeláez Asesor Inmobiliario,"Rionegro, Antioquia",Apartamento en  Venta
131,"$ 540,000,000",3 Habs. ,2 Baños,73 m²,FERNANDEZ & ASOCIADOS,"Rionegro, Antioquia",Apartamento en venta
132,"$ 240,000,000",2 Habs. ,2 Baños,49 m²,BEMSA,"Rionegro, Antioquia",Apartamento en  Venta
133,"$ 550,000,000",2 Habs. ,2 Baños,65 m²,RHBRAIZ,"Rionegro, Antioquia",Apartamento en  Venta
134,"$ 420,000,000",3 Habs. ,2 Baños,78 m²,RichiArbeláez Asesor Inmobiliario,"Rionegro, Antioquia",Apartamento en  Venta
135,"$ 4,200,000,000",4 Habs. ,5 Baños,10000 m²,Orientamos S.A.S.,"Rionegro, Antioquia",Finca en venta
136,"$ 560,000,000",3 Habs. ,2 Baños,73 m²,BEMSA,"Rionegro, Antioquia",Apartamento en  Venta
137,"$ 850,000,000",2 Habs. ,2 Baños,1032 m²,Houm,"Rionegro, Antioquia",Casa en venta
138,"$ 389,000,000",2 Habs. ,2 Baños,76 m²,Coseinpro,"Rionegro, Antioquia",Apartamento en venta
139,"$ 550,000,000",4 Habs. ,3 Baños,140 m²,Interbienes Compañia Inmobiliaria,"Rionegro, Antioquia",Casa en venta
140,"$ 2,200,000,000",5 Habs. ,4 Baños,310 m²,Interbienes Compañia Inmobiliaria,"Rionegro, Antioquia",Casa en  Venta
141,"$ 409,600,000",3 Habs. ,2 Baños,73 m²,Coseinpro,"Rionegro, Antioquia",Apartamento en venta
142,"$ 615,000,000",3 Habs. ,3 Baños,90 m²,BEMSA,"Rionegro, Antioquia",Apartamento en  Venta
143,"$ 500,000,000",3 Habs. ,2 Baños,77 m²,RHBRAIZ,"Rionegro, Antioquia",Apartamento en  Venta
144,"$ 250,000,000",2 Habs. ,2 Baños,50 m²,Houm,"Rionegro, Antioquia",Casa en venta
145,"$ 1,420,000,000",5 Habs. ,3 Baños,270 m²,Houm,"Rionegro, Antioquia",Casa en venta
146,"$ 1,250,000,000",2 Habs. ,2 Baños,149 m²,BEMSA,"Rionegro, Antioquia",Apartamento en  Venta
147,"$ 4,500,000,000",4 Habs. ,8 Baños,540 m²,BEMSA,"Rionegro, Antioquia",Casa en  Venta
148,"$ 3,500,000,000",3 Habs. ,3 Baños,100 m²,RHBRAIZ,"Rionegro, Antioquia",Finca en  Venta
149,"$ 595,000,000",1 Habs. ,2 Baños,65 m²,RHBRAIZ,"Rionegro, Antioquia",Apartamento en  Venta
150,"$ 590,000,000",3 Habs. ,2 Baños,74 m²,Houm,"Rionegro, Antioquia",Apartamento en  Venta
151,"$ 2,700,000,000",4 Habs. ,4 Baños,329 m²,BRIKSS SAS,"Rionegro, Antioquia",Finca en venta
152,"$ 2,050,000,000",3 Habs. ,4 Baños,360 m²,Coseinpro,"Rionegro, Antioquia",Casa en venta
153,"$ 950,000,000",3 Habs. ,3 Baños,195 m²,BEMSA,"Rionegro, Antioquia",Casa en  Venta
154,"$ 2,300,000,000",4 Habs. ,4 Baños,360 m²,RHBRAIZ,"Rionegro, Antioquia",Finca en  Venta
155,"$ 2,700,000,000",3 Habs. ,3 Baños,1600 m²,Orientamos S.A.S.,"Rionegro, Antioquia",Finca en venta
156,"$ 3,700,000,000",4 Habs. ,4 Baños,400 m²,BEMSA,"Rionegro, Antioquia",Casa en  Venta
157,"$ 1,200,000,000",3 Habs. ,2 Baños,16011 m²,BRIKSS SAS,"Rionegro, Antioquia",Finca en venta
158,"$ 411,000,000",2 Habs. ,2 Baños,67 m²,Houm,"Rionegro, Antioquia",Apartamento en venta
159,"$ 630,000,000",4 Habs. ,3 Baños,125 m²,Invertir Inmueble,"Rionegro, Antioquia",Casa en venta
160,"$ 3,300,000,000",3 Habs. ,4 Baños,11000 m²,Orientamos S.A.S.,"Rionegro, Antioquia",Casa en venta
161,"$ 3,000,000,000",7 Baños,500 m²,3 Habs. ,WEHOUSINN.COM,"Rionegro, Antioquia",Finca en  Venta
162,"$ 350,000,000",1 Baño,65 m²,2 Habs. ,BEMSA,"Rionegro, Antioquia",Casa en  Venta
163,"$ 530,000,000",2 Baños,66.71 m²,3 Habs. ,PADS,"Rionegro, Antioquia",Apartamento en venta
164,"$ 1,200,000,000",4 Baños,210 m²,4 Habs. ,Umbral propiedad raíz,"Rionegro, Antioquia",Casa en  Venta
165,"$ 400,000,000",2 Baños,130 m²,4 Habs. ,Orientamos S.A.S.,"Rionegro, Antioquia",Casa en venta
166,"$ 1,590,000,000",4 Baños,4100 m²,4 Habs. ,Inversiones Inmobiliarias,"Rionegro, Antioquia",Finca en venta
167,"$ 3,200,000,000",5 Baños,350 m²,,TU GESTOR INMOBILIARIA,"Rionegro, Antioquia",Casa en  Venta
168,"$ 1,150,000,000",3 Habs. ,3 Baños,250 m²,Umbral propiedad raíz,"Rionegro, Antioquia",Casa en  Venta
169,"$ 1,050,000,000",1 Habs. ,3 Baños,122 m²,RHBRAIZ,"Rionegro, Antioquia",Apartamento en  Venta
170,"$ 460,000,000",3 Habs. ,2 Baños,77 m²,BEMSA,"Rionegro, Antioquia",Apartamento en  Venta
171,"$ 695,000,000",2 Habs. ,2 Baños,141 m²,Orientamos S.A.S.,"Rionegro, Antioquia",Apartamento en venta
172,"$ 1,850,000,000",5 Habs. ,5 Baños,330 m²,Umbral propiedad raíz,"Rionegro, Antioquia",Finca en  Venta
173,"$ 2,500,000,000",4 Habs. ,4 Baños,300 m²,BEMSA,"Rionegro, Antioquia",Finca en  Venta
174,"$ 1,200,000,000",3 Habs. ,3 Baños,214 m²,RHBRAIZ,"Rionegro, Antioquia",Casa en  Venta
175,"$ 325,000,000",2 Habs. ,2 Baños,49 m²,BEMSA,"Rionegro, Antioquia",Apartamento en  Venta
176,"$ 410,000,000",2 Habs. ,2 Baños,82 m²,RHBRAIZ,"Rionegro, Antioquia",Apartamento en  Venta
177,"$ 1,900,000,000",3 Habs. ,5 Baños,173 m²,BEMSA,"Rionegro, Antioquia",Apartamento en  Venta
178,"$ 389,000,000",1 Habs. ,1 Baño,42 m²,BEMSA,"Rionegro, Antioquia",Apartamento en  Venta
179,"$ 650,000,000",2 Habs. ,2 Baños,141 m²,WEHOUSINN.COM,"Rionegro, Antioquia",Apartamento en  Venta
180,"$ 750,000,000",2 Habs. ,2 Baños,84 m²,Coseinpro,"Rionegro, Antioquia",Apartamento en  Venta
181,"$ 650,000,000",2 Habs. ,2 Baños,141 m²,BEMSA,"Rionegro, Antioquia",Apartamento en  Venta
182,"$ 320,000,000",3 Habs. ,1 Baño,97 m²,Houm,"Rionegro, Antioquia",Casa en  Venta
183,"$ 315,000,000",2 Habs. ,2 Baños,59 m²,Coseinpro,"Rionegro, Antioquia",Apartamento en venta
184,"$ 4,800,000,000",3 Habs. ,5 Baños,750 m²,RHBRAIZ,"Rionegro, Antioquia",Casa en  Venta
185,"$ 383,985,000",1 Habs. ,1 Baño,76 m²,Coseinpro,"Rionegro, Antioquia",Apartamento en venta
186,"$ 10,500,000,000",9 Habs. ,10 Baños,3350 m²,DG Propiedad Raíz,"Rionegro, Antioquia",Casa en venta
187,"$ 850,000,000",4 Habs. ,4 Baños,185.4 m²,Coseinpro,"Rionegro, Antioquia",Casa en venta
188,"$ 390,000,000",1 Habs. ,2 Baños,65 m²,RHBRAIZ,"Rionegro, Antioquia",Cabaña en  Venta
189,"$ 1,000,000,000",2 Habs. ,2 Baños,112 m²,RHBRAIZ,"Rionegro, Antioquia",Apartamento en  Venta
190,"$ 240,000,000",2 Habs. ,2 Baños,48 m²,BEMSA,"Rionegro, Antioquia",Apartamento en  Venta
191,"$ 3,700,000,000",3 Habs. ,3 Baños,600 m²,BRIKSS SAS,"Rionegro, Antioquia",Casa en venta
192,"$ 615,000,000",2 Habs. ,2 Baños,75 m²,RHBRAIZ,"Rionegro, Antioquia",Apartamento en  Venta
193,"$ 450,000,000",2 Habs. ,2 Baños,73 m²,BEMSA,"Rionegro, Antioquia",Apartamento en  Venta
194,"$ 570,000,000",2 Habs. ,2 Baños,75 m²,ROYAL PROPIEDAD RAIZ,"Rionegro, Antioquia",Apartamento en  Venta
195,"$ 1,500,000,000",3 Habs. ,2 Baños,3000 m²,Orientamos S.A.S.,"Rionegro, Antioquia",Finca en venta
196,"$ 720,000,000",3 Habs. ,3 Baños,98 m²,Orientamos S.A.S.,"Rionegro, Antioquia",Apartamento en venta
197,"$ 1,800,000,000",3 Habs. ,4 Baños,339 m²,RHBRAIZ,"Rionegro, Antioquia",Finca en  Venta
198,"$ 1,150,000,000",3 Habs. ,3 Baños,173 m²,BEMSA,"Rionegro, Antioquia",Casa en  Venta
199,"$ 650,000,000",3 Habs. ,4 Baños,140 m²,Orientamos S.A.S.,"Rionegro, Antioquia",Casa en  Venta
200,"$ 360,000,000",3 Habs. ,2 Baños,72.8 m²,Area Vital Inmobiliaria,"Rionegro, Antioquia",Apartamento en venta
201,"$ 2,600,000,000",4 Habs. ,7 Baños,2900 m²,Orientamos S.A.S.,"Rionegro, Antioquia",Finca en venta
202,"$ 2,200,000,000",3 Habs. ,4 Baños,220 m²,BEMSA,"Rionegro, Antioquia",Casa en  Venta
203,"$ 570,000,000",4 Habs. ,3 Baños,180 m²,BRIKSS SAS,"Rionegro, Antioquia",Apartamento en venta
204,"$ 1,500,000,000",3 Habs. ,3 Baños,147 m²,BEMSA,"Rionegro, Antioquia",Casa en  Venta
205,"$ 550,000,000",3 Habs. ,2 Baños,76 m²,BEMSA,"Rionegro, Antioquia",Apartamento en  Venta
206,"$ 560,000,000",3 Habs. ,3 Baños,110 m²,BEMSA,"Rionegro, Antioquia",Casa en  Venta
207,"$ 679,500,000",3 Habs. ,2 Baños,87 m²,PADS,"Rionegro, Antioquia",Apartamento en  Venta
208,"$ 4,000,000,000",3 Habs. ,4 Baños,510 m²,RHBRAIZ,"Rionegro, Antioquia",Finca en  Venta
209,"$ 360,000,000",3 Habs. ,2 Baños,56 m²,Orientamos S.A.S.,"Rionegro, Antioquia",Apartamento en venta
210,"$ 495,000,000",2 Habs. ,2 Baños,73 m²,Liliana Amaya Inmobiliaria,"Rionegro, Antioquia",Apartamento en venta
211,"$ 220,000,000",2 Habs. ,2 Baños,57 m²,Orientamos S.A.S.,"Rionegro, Antioquia",Apartamento en  Venta
212,"$ 1,300,000,000",4 Habs. ,4 Baños,280 m²,BEMSA,"Rionegro, Antioquia",Casa en  Venta
213,"$ 560,000,000",2 Habs. ,2 Baños,64 m²,Umbral propiedad raíz,"Rionegro, Antioquia",Apartamento en  Venta
214,"$ 2,550,000,000",4 Habs. ,5 Baños,380 m²,BEMSA,"Rionegro, Antioquia",Casa en  Venta
215,"$ 470,000,000",4 Habs. ,3 Baños,95 m²,BEMSA,"Rionegro, Antioquia",Casa en  Venta
216,"$ 225,000,000",2 Habs. ,2 Baños,48 m²,Houm,"Rionegro, Antioquia",Apartamento en venta
217,"$ 8,500,000,000",4 Habs. ,4 Baños,1000 m²,BRIKSS SAS,"Rionegro, Antioquia",Casa en venta
218,"$ 348,000,000",2 Habs. ,2 Baños,68 m²,BEMSA,"Rionegro, Antioquia",Apartamento en  Venta
219,"$ 530,000,000",2 m²,4 Habs. ,4 Baños,DG Propiedad Raíz,"Rionegro, Antioquia",Apartamento en venta
220,"$ 2,990,000,000",412 m²,5 Habs. ,4 Baños,BEMSA,"Rionegro, Antioquia",Finca en  Venta
221,"$ 4,500,000,000",750 m²,2 Habs. ,2 Baños,BEMSA,"Rionegro, Antioquia",Finca en  Venta
222,"$ 350,000,000",50 m²,3 Habs. ,2 Baños,BEMSA,"Rionegro, Antioquia",Apartamento en  Venta
223,"$ 793,000,000",91 m²,3 Habs. ,2 Baños,RHBRAIZ,"Rionegro, Antioquia",Apartamento en  Venta
224,"$ 915,000,000",90 m²,3 Habs. ,4 Baños,BEMSA,"Rionegro, Antioquia",Apartamento en  Venta
225,"$ 1,100,000,000",240 m²,1 Habs. ,1 Baño,Orientamos S.A.S.,"Rionegro, Antioquia",Casa en venta
226,"$ 1,400,000,000",78 m²,2 Habs. ,2 Baños,Liliana Amaya Inmobiliaria,"Rionegro, Antioquia",Apartamento en venta
227,"$ 490,000,000",64 m²,2 Habs. ,2 Baños,BEMSA,"Rionegro, Antioquia",Apartamento en  Venta
228,"$ 535,000,000",67.9 m²,1 Habs. ,2 Baños,PADS,"Rionegro, Antioquia",Apartamento en venta
229,"$ 400,000,000",42 m²,3 Habs. ,3 Baños,BEMSA,"Rionegro, Antioquia",Apartamento en  Venta
230,"$ 824,000,000",184 m²,,,BEMSA,"Rionegro, Antioquia",Casa en  Venta
231,"$ 790,000,000",2 Habs. ,2 Baños,160 m²,BEMSA,"Rionegro, Antioquia",Apartamento en  Venta
232,"$ 300,000,000",3 Habs. ,2 Baños,56 m²,Umbral propiedad raíz,"Rionegro, Antioquia",Apartamento en  Venta
233,"$ 960,000,000",4 Habs. ,4 Baños,257 m²,BEMSA,"Rionegro, Antioquia",Casa en  Venta
234,"$ 2,200,000,000",2 Habs. ,4 Baños,241 m²,BEMSA,"Rionegro, Antioquia",Casa en  Venta
235,"$ 2,300,000,000",4 Habs. ,5 Baños,5600 m²,Houm,"Rionegro, Antioquia",Casa en venta
236,"$ 540,000,000",3 Habs. ,2 Baños,108 m²,Umbral propiedad raíz,"Rionegro, Antioquia",Apartamento en  Venta
237,"$ 3,500,000,000",2 Habs. ,4 Baños,344 m²,BEMSA,"Rionegro, Antioquia",Casa en  Venta
238,"$ 400,000,000",1 Habs. ,2 Baños,42 m²,BEMSA,"Rionegro, Antioquia",Apartamento en  Venta
239,"$ 680,000,000",3 Habs. ,4 Baños,140 m²,Interbienes Compañia Inmobiliaria,"Rionegro, Antioquia",Casa en venta
240,"$ 1,700,000,000",3 Habs. ,4 Baños,300 m²,PADS,"Rionegro, Antioquia",Casa en venta
241,"$ 390,000,000",7 Habs. ,2 Baños,58 m²,KSTA INMOBILIARIA,"Rionegro, Antioquia",Apartamento en  Venta
242,"$ 785,000,000",5 Habs. ,4 Baños,170 m²,Orientamos S.A.S.,"Rionegro, Antioquia",Casa en venta
243,"$ 270,000,000",3 Habs. ,2 Baños,57 m²,Orientamos S.A.S.,"Rionegro, Antioquia",Apartamento en venta
244,"$ 640,000,000",4 Habs. ,4 Baños,182 m²,Orientamos S.A.S.,"Rionegro, Antioquia",Casa en venta
245,"$ 385,000,000",1 Habs. ,1 Baño,53 m²,BRIKSS SAS,"Rionegro, Antioquia",Apartamento en venta
246,"$ 490,000,000",2 Habs. ,2 Baños,67 m²,Orientamos S.A.S.,"Rionegro, Antioquia",Apartamento en venta
247,"$ 580,000,000",2 Habs. ,3 Baños,76 m²,BEMSA,"Rionegro, Antioquia",Apartamento en  Venta
248,"$ 450,000,000",3 Habs. ,2 Baños,60 m²,Liliana Amaya Inmobiliaria,"Rionegro, Antioquia",Apartamento en venta
249,"$ 260,000,000",3 Habs. ,2 Baños,80 m²,BEMSA,"Rionegro, Antioquia",Casa en  Venta
250,"$ 1,700,000,000",6 Habs. ,6 Baños,400 m²,RHBRAIZ,"Rionegro, Antioquia",Finca en  Venta
251,"$ 395,000,000",3 Habs. ,2 Baños,70 m²,Coseinpro,"Rionegro, Antioquia",Apartamento en venta
252,"$ 380,000,000",2 Habs. ,2 Baños,57 m²,Orientamos S.A.S.,"Rionegro, Antioquia",Apartamento en  Venta
253,"$ 231,000,000",3 Habs. ,2 Baños,54 m²,Coseinpro,"Rionegro, Antioquia",Apartamento en  Venta
254,"$ 870,000,000",4 Habs. ,3 Baños,170 m²,BEMSA,"Rionegro, Antioquia",Casa en  Venta
255,"$ 395,000,000",2 Habs. ,2 Baños,57 m²,Umbral propiedad raíz,"Rionegro, Antioquia",Apartamento en  Venta
256,"$ 890,000,000",4 Habs. ,5 Baños,185 m²,BEMSA,"Rionegro, Antioquia",Casa en  Venta
257,"$ 680,000,000",3 Habs. ,3 Baños,94 m²,Coseinpro,"Rionegro, Antioquia",Apartamento en venta
258,"$ 260,000,000",2 Habs. ,2 Baños,66 m²,BEMSA,"Rionegro, Antioquia",Apartamento en  Venta
259,"$ 580,000,000",3 Habs. ,4 Baños,105 m²,Orientamos S.A.S.,"Rionegro, Antioquia",Casa en venta
260,"$ 900,000,000",4 Habs. ,2 Baños,700 m²,Houm,"Rionegro, Antioquia",Casa en venta
261,"$ 4,000,000,000",3 Habs. ,3 Baños,150 m²,BEMSA,"Rionegro, Antioquia",Finca en  Venta
262,"$ 400,000,000",2 Habs. ,2 Baños,58 m²,Umbral propiedad raíz,"Rionegro, Antioquia",Apartamento en  Venta
263,"$ 3,600,000,000",3 Habs. ,4 Baños,386 m²,BEMSA,"Rionegro, Antioquia",Casa en  Venta
264,"$ 3,000,000,000",4 Habs. ,4 Baños,493 m²,BEMSA,"Rionegro, Antioquia",Casa en  Venta
265,"$ 573,000,000",3 Habs. ,2 Baños,80 m²,Umbral propiedad raíz,"Rionegro, Antioquia",Apartamento en  Venta
266,"$ 750,000,000",2 Habs. ,2 Baños,72 m²,BEMSA,"Rionegro, Antioquia",Apartamento en  Venta
267,"$ 1,500,000,000",3 Habs. ,3 Baños,200 m²,RHBRAIZ,"Rionegro, Antioquia",Finca en  Venta
268,"$ 550,000,000",1 Habs. ,2 Baños,55 m²,BEMSA,"Rionegro, Antioquia",Apartamento en  Venta
269,"$ 15,000,000,000",4 Habs. ,5 Baños,61200 m²,FERNANDEZ & ASOCIADOS,"Rionegro, Antioquia",Finca en venta
270,"$ 2,100,000,000",3 Habs. ,4 Baños,344 m²,BEMSA,"Rionegro, Antioquia",Casa en  Venta
271,"$ 2,100,000,000",4 Habs. ,5 Baños,1581 m²,BEMSA,"Rionegro, Antioquia",Casa en  Venta
272,"$ 469,000,000",1 Habs. ,2 Baños,63 m²,PADS,"Rionegro, Antioquia",Apartamento en venta
273,"$ 290,000,000",2 Habs. ,2 Baños,56 m²,BEMSA,"Rionegro, Antioquia",Apartamento en  Venta
274,"$ 450,000,000",3 Habs. ,3 Baños,150 m²,Orientamos S.A.S.,"Rionegro, Antioquia",Casa en  Venta
275,"$ 1,800,000,000",6 Habs. ,5 Baños,3800 m²,Orientamos S.A.S.,"Rionegro, Antioquia",Finca en venta
276,"$ 300,000,000",3 Habs. ,2 Baños,74 m²,BEMSA,"Rionegro, Antioquia",Apartamento en  Venta
277,"$ 350,000,000",2 Habs. ,2 Baños,57 m²,Umbral propiedad raíz,"Rionegro, Antioquia",Apartamento en  Venta
278,"$ 350,000,000",2 Habs. ,2 Baños,48 m²,Orientamos S.A.S.,"Rionegro, Antioquia",Apartamento en venta
279,"$ 3,200,000,000",3 Habs. ,4 Baños,350 m²,PADS,"Rionegro, Antioquia",Casa en venta
280,"$ 4,000,000,000",2 Habs. ,5 Baños,320 m²,BEMSA,"Rionegro, Antioquia",Finca en  Venta
281,"$ 1,090,000,000",2 Habs. ,3 Baños,141 m²,BRIKSS SAS,"Rionegro, Antioquia",Apartamento en venta
282,"$ 747,000,000",2 Habs. ,3 Baños,71 m²,FERNANDEZ & ASOCIADOS,"Rionegro, Antioquia",Apartamento en venta
283,"$ 5,200,000,000",4 Habs. ,5 Baños,627 m²,BRIKSS SAS,"Rionegro, Antioquia",Finca en venta
284,"$ 235,000,000",3 Habs. ,2 Baños,56 m²,Orientamos S.A.S.,"Rionegro, Antioquia",Apartamento en  Venta
285,"$ 535,000,000",3 Habs. ,2 Baños,75 m²,BEMSA,"Rionegro, Antioquia",Apartamento en  Venta
286,"$ 480,000,000",3 Habs. ,2 Baños,112 m²,Houm,"Rionegro, Antioquia",Casa en venta
287,"$ 329,000,000",2 Habs. ,1 Baño,76 m²,Coseinpro,"Rionegro, Antioquia",Apartamento en venta
288,"$ 775,000,000",3 Habs. ,3 Baños,91 m²,BEMSA,"Rionegro, Antioquia",Apartamento en  Venta
289,"$ 2,250,000,000",3 Habs. ,4 Baños,253 m²,BEMSA,"Rionegro, Antioquia",Casa en  Venta
290,"$ 250,000,000",2 Habs. ,2 Baños,52 m²,Coseinpro,"Rionegro, Antioquia",Apartamento en venta
291,"$ 400,000,000",2 Habs. ,2 Baños,57 m²,RichiArbeláez Asesor Inmobiliario,"Rionegro, Antioquia",Apartamento en  Venta
292,"$ 3,200,000,000",2 Habs. ,2 Baños,11235 m²,Coseinpro,"Rionegro, Antioquia","Finca en venta, Rionegro"
293,"$ 210,000,000",2 Habs. ,2 Baños,54 m²,BEMSA,"Rionegro, Antioquia",Apartamento en  Venta
294,"$ 500,000,000",2 Habs. ,2 Baños,82 m²,Coseinpro,"Rionegro, Antioquia",Apartamento en venta
295,"$ 460,000,000",2 Habs. ,2 Baños,68 m²,Coseinpro,"Rionegro, Antioquia",Apartamento en venta
296,"$ 1,690,000,000",4 Habs. ,3 Baños,380 m²,BEMSA,"Rionegro, Antioquia",Casa en  Venta
297,"$ 830,000,000",4 Habs. ,5 Baños,165 m²,Orientamos S.A.S.,"Rionegro, Antioquia",Casa en venta
298,"$ 1,200,000,000",7 Habs. ,4 Baños,400 m²,TU GESTOR INMOBILIARIA,"Rionegro, Antioquia",Casa en  Venta
299,"$ 520,000,000",3 Habs. ,3 Baños,88 m²,Coseinpro,"Rionegro, Antioquia",Casa en venta
300,"$ 465,000,000",3 Habs. ,2 Baños,66 m²,BRIKSS SAS,"Rionegro, Antioquia",Apartamento en venta
301,"$ 675,000,000",3 Habs. ,2 Baños,77 m²,RHBRAIZ,"Rionegro, Antioquia",Apartamento en  Venta
302,"$ 530,000,000",1 Habs. ,2 Baños,64 m²,RHBRAIZ,"Rionegro, Antioquia",Apartamento en  Venta
303,"$ 430,000,000",1 Habs. ,2 Baños,63 m²,BEMSA,"Rionegro, Antioquia",Apartamento en  Venta
304,"$ 250,000,000",2 Habs. ,2 Baños,39 m²,GAVIRIA INMOBILIARIA,"Rionegro, Antioquia",Apartamento en  Venta
305,"$ 288,367,000",3 Habs. ,2 Baños,55 m²,Coseinpro,"Rionegro, Antioquia",Apartamento en  Venta
306,"$ 338,710,000",2 Habs. ,2 Baños,60 m²,Coseinpro,"Rionegro, Antioquia",Apartamento en venta
307,"$ 280,000,000",2 Habs. ,2 Baños,52 m²,Orientamos S.A.S.,"Rionegro, Antioquia",Apartamento en venta
308,"$ 1,100,000,000",7 Habs. ,4 Baños,380 m²,Coseinpro,"Rionegro, Antioquia",Finca en venta
309,"$ 523,053,000",2 Habs. ,2 Baños,53 m²,FERNANDEZ & ASOCIADOS,"Rionegro, Antioquia","Apartamento en venta, Rionegro"
310,"$ 1,600,000,000",5 Habs. ,2 Baños,9600 m²,INMOBILIARIA GOMEZ & CIA PROPIEDAD RAIZ S.A.S,"Rionegro, Antioquia",Finca en venta
311,"$ 850,000,000",3 Habs. ,4 Baños,182 m²,KSTA INMOBILIARIA,"Rionegro, Antioquia",Casa en  Venta
312,"$ 500,000,000",1 Habs. ,2 Baños,60 m²,BEMSA,"Rionegro, Antioquia",Apartamento en  Venta
313,"$ 2,900,000,000",5 Habs. ,5 Baños,450 m²,BEMSA,"Rionegro, Antioquia",Finca en  Venta
314,"$ 270,000,000",3 Habs. ,2 Baños,56 m²,Orientamos S.A.S.,"Rionegro, Antioquia",Apartamento en venta
315,"$ 4,990,000,000",5 Habs. ,2 Baños,650 m²,BEMSA,"Rionegro, Antioquia",Casa en  Venta
316,"$ 4,700,000,000",6 Habs. ,7 Baños,420 m²,BEMSA,"Rionegro, Antioquia",Casa en  Venta
317,"$ 300,000,000",2 Habs. ,2 Baños,58 m²,Interbienes Compañia Inmobiliaria,"Rionegro, Antioquia",Apartamento en venta
318,"$ 1,950,000,000",3 Habs. ,5 Baños,300 m²,BEMSA,"Rionegro, Antioquia",Casa en  Venta
319,"$ 1,600,000,000",3 Habs. ,4 Baños,176 m²,PADS,"Rionegro, Antioquia",Finca en venta
320,"$ 970,000,000",5 Habs. ,3 Baños,264 m²,FERNANDEZ & ASOCIADOS,"Rionegro, Antioquia",Casa en venta
321,"$ 5,000,000,000",4 Habs. ,4 Baños,420 m²,BEMSA,"Rionegro, Antioquia",Casa en  Venta
322,"$ 320,000,000",3 Habs. ,57 m²,3 Habs. ,Houm,"Rionegro, Antioquia",Apartamento en venta
323,"$ 650,000,000",3 Baños,90 m²,1 Habs. ,BEMSA,"Rionegro, Antioquia",Apartamento en  Venta
324,"$ 400,000,000",2 Baños,44 m²,5 Habs. ,BEMSA,"Rionegro, Antioquia",Apartamento en  Venta
325,"$ 8,000,000,000",6 Baños,800 m²,4 Habs. ,TU GESTOR INMOBILIARIA,"Rionegro, Antioquia",Casa en  Venta
326,"$ 2,500,000,000",5 Baños,408 m²,4 Habs. ,BEMSA,"Rionegro, Antioquia",Finca en  Venta
327,"$ 3,500,000,000",5 Baños,396 m²,3 Habs. ,RHBRAIZ,"Rionegro, Antioquia",Finca en  Venta
328,"$ 685,000,000",2 Baños,87 m²,4 Habs. ,TU GESTOR INMOBILIARIA,"Rionegro, Antioquia",Apartamento en  Venta
329,"$ 3,000,000,000",5 Baños,387 m²,3 Habs. ,BEMSA,"Rionegro, Antioquia",Casa en  Venta
330,"$ 1,090,000",3 Baños,116 m²,2 Habs. ,BEMSA,"Rionegro, Antioquia",Apartamento en  Venta
331,"$ 230,000,000",2 Baños,54 m²,2 Habs. ,BEMSA,"Rionegro, Antioquia",Apartamento en  Venta
332,"$ 400,000,000",2 Baños,57 m²,2 Habs. ,Coseinpro,"Rionegro, Antioquia",Apartamento en  Venta
333,"$ 1,090,000,000",3 Baños,141 m²,1 Habs. ,RHBRAIZ,"Rionegro, Antioquia",Apartamento en  Venta
334,"$ 400,000,000",1 Baño,53 m²,5 Habs. ,BEMSA,"Rionegro, Antioquia",Apartamento en  Venta
335,"$ 1,400,000,000",3 Baños,250 m²,,PADS,"Rionegro, Antioquia",Finca en venta
336,"$ 2,600,000,000",3 Habs. ,3 Baños,452 m²,BEMSA,"Rionegro, Antioquia",Casa en  Venta
337,"$ 370,000,000",1 Habs. ,2 Baños,45 m²,PADS,"Rionegro, Antioquia",Apartamento en  Venta
338,"$ 630,000,000",3 Habs. ,2 Baños,77 m²,RichiArbeláez Asesor Inmobiliario,"Rionegro, Antioquia",Apartamento en  Venta
339,"$ 3,800,000,000",4 Habs. ,4 Baños,500 m²,RHBRAIZ,"Rionegro, Antioquia",Casa en  Venta
340,"$ 400,000,000",4 Habs. ,5 Baños,180 m²,Orientamos S.A.S.,"Rionegro, Antioquia",Casa en venta
341,"$ 560,000,000",4 Habs. ,3 Baños,210 m²,Orientamos S.A.S.,"Rionegro, Antioquia",Casa en venta
342,"$ 550,000,000",3 Habs. ,2 Baños,166 m²,Orientamos S.A.S.,"Rionegro, Antioquia",Casa en venta
343,"$ 250,000,000",2 Habs. ,1 Baño,52 m²,BEMSA,"Rionegro, Antioquia",Casa en  Venta
344,"$ 470,000,000",2 Habs. ,2 Baños,65 m²,PADS,"Rionegro, Antioquia",Apartamento en venta
345,"$ 215,000,000",2 Habs. ,2 Baños,52 m²,Houm,"Rionegro, Antioquia",Apartamento en venta
346,"$ 700,000,000",3 Habs. ,3 Baños,151 m²,BEMSA,"Rionegro, Antioquia",Casa en  Venta
347,"$ 1,700,000,000",3 Habs. ,4 Baños,290 m²,BEMSA,"Rionegro, Antioquia",Casa en  Venta
348,"$ 245,000,000",2 Habs. ,2 Baños,57 m²,Houm,"Rionegro, Antioquia",Apartamento en venta
349,"$ 2,300,000,000",4 Habs. ,4 Baños,225 m²,BEMSA,"Rionegro, Antioquia",Casa en  Venta
350,"$ 185,000,000",2 Habs. ,2 Baños,52 m²,Coseinpro,"Rionegro, Antioquia",Apartamento en venta
351,"$ 4,500,000,000",4 Habs. ,6 Baños,751 m²,BEMSA,"Rionegro, Antioquia",Casa en  Venta
352,"$ 870,000,000",4 Habs. ,4 Baños,174 m²,Houm,"Rionegro, Antioquia",Casa en venta
353,"$ 1,090,000",3 Habs. ,3 Baños,116 m²,BEMSA,"Rionegro, Antioquia",Apartamento en  Venta
354,"$ 350,000,000",3 Habs. ,2 Baños,61 m²,BEMSA,"Rionegro, Antioquia",Casa en  Venta
355,"$ 900,000,000",3 Habs. ,3 Baños,195 m²,Houm,"Rionegro, Antioquia",Casa en venta
356,"$ 850,000,000",3 Habs. ,3 Baños,134 m²,BEMSA,"Rionegro, Antioquia",Casa en  Venta
357,"$ 850,000,000",2 Habs. ,2 Baños,9575 m²,BEMSA,"Rionegro, Antioquia",Apartamento en  Venta
358,"$ 1,150,000,000",4 Habs. ,4 Baños,235 m²,BEMSA,"Rionegro, Antioquia",Casa en  Venta
359,"$ 1,300,000,000",3 Habs. ,3 Baños,420 m²,RHBRAIZ,"Rionegro, Antioquia",Finca en  Venta
360,"$ 540,000,000",3 Habs. ,3 Baños,125 m²,ARGEMIRO GAVIRIA ORTIZ,"Rionegro, Antioquia",Casa en  Venta
361,"$ 610,000,000",5 Habs. ,3 Baños,172 m²,Habitamos Propiedad Raíz,"Rionegro, Antioquia",Casa en venta
362,"$ 490,000,000",2 Habs. ,2 Baños,60 m²,Inmobiliaria Gomez y Asociados,"Rionegro, Antioquia",Apartamento en  Venta
363,"$ 940,000,000",3 Habs. ,4 Baños,209 m²,Opciones Inmobiliarias,"Rionegro, Antioquia",Casa en venta
364,"$ 2,100,000,000",4 Habs. ,3 Baños,20300 m²,Servicios Inmobiliarios Serviraices S.A.S,"Rionegro, Antioquia","Finca en venta, Rionegro"
365,"$ 1,350,000,000",3 Habs. ,4 Baños,215 m²,HOMES PROVENTO,"Rionegro, Antioquia",Casa en  Venta
366,"$ 420,000,000",3 Habs. ,2 Baños,105 m²,Habitamos Propiedad Raíz,"Rionegro, Antioquia",Casa en venta
367,"$ 550,000,000",4 Habs. ,3 Baños,184 m²,Servicios Inmobiliarios Serviraices S.A.S,"Rionegro, Antioquia","Casa en venta, Rionegro"
368,"$ 1,100,000,000",5 Habs. ,6 Baños,321 m²,CANVAS RAIZ,"Rionegro, Antioquia",Casa en  Venta
369,"$ 3,000,000,000",4 Habs. ,5 Baños,436 m²,BROKER,"Rionegro, Antioquia","Casa en venta, Rionegro"
370,"$ 250,000,000",65 m²,2 Habs. ,2 Baños,CANVAS RAIZ,"Rionegro, Antioquia",Apartamento en venta
371,"$ 1,250,000,000",78 m²,2 Habs. ,2 Baños,Abad Faciolince S.A,"Rionegro, Antioquia",Apartamento en  Venta
372,"$ 540,000,000",68 m²,2 Habs. ,1 Baño,Habitamos Propiedad Raíz,"Rionegro, Antioquia",Apartamento en venta
373,"$ 350,000,000",52 m²,5 Habs. ,5 Baños,Milla Inmobiliaria,"Rionegro, Antioquia",Apartamento en venta
374,"$ 2,600,000,000",300 m²,2 Habs. ,2 Baños,Abad Faciolince S.A,"Rionegro, Antioquia",Finca en  Venta
375,"$ 510,000,000",67 m²,4 Habs. ,4 Baños,Proser Inmobiliaria,"Rionegro, Antioquia",Apartamento en venta
376,"$ 6,000,000,000",600 m²,2 Habs. ,2 Baños,INMOBILIARIA SELECTA,"Rionegro, Antioquia",Casa en venta
377,"$ 400,000,000",53 m²,,,Activos Y Bienes SAS,"Rionegro, Antioquia",Apartamento en venta
378,"$ 230,000,000",3 Habs. ,2 Baños,48 m²,Proser Inmobiliaria,"Rionegro, Antioquia",Apartamento en venta
379,"$ 850,000,000",1 Habs. ,2 Baños,3972 m²,Compro Casa,"Rionegro, Antioquia",Finca en venta
380,"$ 2,300,000,000",2 Habs. ,4 Baños,241 m²,Milla Inmobiliaria,"Rionegro, Antioquia",Casa en venta
381,"$ 450,000,000",5 Habs. ,2 Baños,156 m²,Grupo Empresarial Mi,"Rionegro, Antioquia",Casa en venta
382,"$ 1,410,000,000",3 Habs. ,4 Baños,142 m²,Prointegral,"Rionegro, Antioquia",Apartamento en venta
383,"$ 250,000,000",3 Habs. ,2 Baños,48 m²,Habitamos Propiedad Raíz,"Rionegro, Antioquia",Apartamento en venta
384,"$ 329,000,000",2 Habs. ,1 Baño,76 m²,Coninsa Ramón H. S.A.,"Rionegro, Antioquia",Apartamento en venta
385,"$ 2,600,000,000",3 Habs. ,4 Baños,430 m²,Prointegral,"Rionegro, Antioquia",Casa en venta
386,"$ 440,000,000",2 Habs. ,2 Baños,65 m²,Propiedades y Proyectos SAS,"Rionegro, Antioquia",Apartamento en venta
387,"$ 345,000,000",2 Habs. ,2 Baños,58 m²,Habitamos Propiedad Raíz,"Rionegro, Antioquia",Apartamento en venta
388,"$ 1,950,000,000",4 Habs. ,3 Baños,230 m²,CANVAS RAIZ,"Rionegro, Antioquia",Finca en venta
389,"$ 1,500,000,000",3 Habs. ,2 Baños,1000 m²,Abad Faciolince S.A,"Rionegro, Antioquia",Casa en  Venta
390,"$ 900,000,000",3 Habs. ,3 Baños,185 m²,D Logistica Inmobiliaria,"Rionegro, Antioquia",Casa en venta
391,"$ 1,350,000,000",2 Habs. ,3 Baños,125 m²,GRUPO ISALEN SAS,"Rionegro, Antioquia",Apartamento en venta
392,"$ 560,000,000",2 Habs. ,3 Baños,82 m²,Abad Faciolince S.A,"Rionegro, Antioquia",Apartamento en  Venta
393,"$ 450,000,000",3 Habs. ,2 Baños,68 m²,Abad Faciolince S.A,"Rionegro, Antioquia",Apartamento en  Venta
394,"$ 480,000,000",3 Habs. ,2 Baños,112 m²,Habitamos Propiedad Raíz,"Rionegro, Antioquia",Apartamento en venta
395,"$ 400,000,000",2 Habs. ,2 Baños,69 m²,Propiedades y Proyectos SAS,"Rionegro, Antioquia",Apartamento en venta
396,"$ 2,300,000",3 Habs. ,4 Baños,280 m²,Merino Hermanos y Cía Ltda.,"Rionegro, Antioquia",Casa en  Venta
397,"$ 3,650,000,000",5 Habs. ,4 Baños,259 m²,Gómez Sierra Propiedades,"Rionegro, Antioquia",Finca en venta
398,"$ 400,000,000",3 Habs. ,2 Baños,87 m²,GRUPO SANTAMARIA,"Rionegro, Antioquia",Apartamento en venta
399,"$ 270,000,000",2 Habs. ,2 Baños,52 m²,Merino Hermanos y Cía Ltda.,"Rionegro, Antioquia",Apartamento en  Venta
400,"$ 5,800,000,000",4 Habs. ,4 Baños,612 m²,Engel & Volkers,"Rionegro, Antioquia",Casa en venta
401,"$ 550,000,000",3 Habs. ,3 Baños,120 m²,IDEAS INMOBILIARIAS,"Rionegro, Antioquia",Casa en venta
402,"$ 1,850,000,000",5 Habs. ,4 Baños,300 m²,Propiedades y Proyectos SAS,"Rionegro, Antioquia",Finca en venta
403,"$ 2,700,000,000",7 Habs. ,5 Baños,900 m²,Engel & Volkers,"Rionegro, Antioquia",Casa en venta
404,"$ 320,000,000",3 Habs. ,2 Baños,57 m²,GRUPO SANTAMARIA,"Rionegro, Antioquia",Apartamento en venta
405,"$ 360,000,000",1 Habs. ,1 Baño,39 m²,Compro Casa,"Rionegro, Antioquia",Apartamento en  Venta
406,"$ 760,000,000",3 Habs. ,3 Baños,138.9 m²,Orienta Inmobiliaria,"Rionegro, Antioquia",Casa en venta
407,"$ 760,000,000",3 Habs. ,4 Baños,162 m²,Servicios Inmobiliarios Serviraices S.A.S,"Rionegro, Antioquia","Casa en venta, Rionegro"
408,"$ 450,000,000",3 Habs. ,4 Baños,115 m²,Maxibienes S.A.S,"Rionegro, Antioquia",Casa en  Venta
409,"$ 1,950,000,000",3 Habs. ,4 Baños,173 m²,Prointegral,"Rionegro, Antioquia",Apartamento en  Venta
410,"$ 385,000,000",3 Habs. ,2 Baños,57 m²,Habitamos Propiedad Raíz,"Rionegro, Antioquia",Apartamento en  Venta
411,"$ 296,800,000",3 Habs. ,2 Baños,55 m²,Coninsa Ramón H. S.A.,"Rionegro, Antioquia",Apartamento en venta
412,"$ 490,000,000",5 Habs. ,4 Baños,175 m²,Servicios Inmobiliarios Serviraices S.A.S,"Rionegro, Antioquia","Casa en venta, Rionegro"
413,"$ 2,800,000,000",4 Habs. ,5 Baños,400 m²,Imubli,"Rionegro, Antioquia",Casa en  Venta
414,"$ 510,000,000",2 Habs. ,2 Baños,66 m²,Proser Inmobiliaria,"Rionegro, Antioquia",Apartamento en venta
415,"$ 1,800,000,000",4 Habs. ,3 Baños,280 m²,D Logistica Inmobiliaria,"Rionegro, Antioquia",Finca en venta
416,"$ 920,000,000",3 Habs. ,3 Baños,192 m²,GRUPO SANTAMARIA,"Rionegro, Antioquia",Casa en venta
417,"$ 575,000,000",2 Habs. ,3 Baños,76 m²,GRUPO SANTAMARIA,"Rionegro, Antioquia",Apartamento en venta
418,"$ 330,000,000",1 Habs. ,2 Baños,53.4 m²,Orienta Inmobiliaria,"Rionegro, Antioquia",Apartamento en venta
419,"$ 2,250,000,000",5 Habs. ,4 Baños,380 m²,Prointegral,"Rionegro, Antioquia",Casa en venta
420,"$ 550,000,000",4 Habs. ,3 Baños,132 m²,PANDA FINCA RAIZ,"Rionegro, Antioquia",Casa en  Venta
421,"$ 820,000,000",4 Habs. ,5 Baños,165 m²,BROKER,"Rionegro, Antioquia",Casa en venta
422,"$ 2,650,000,000",3 Habs. ,4 Baños,2715 m²,Servicios Inmobiliarios Serviraices S.A.S,"Rionegro, Antioquia",Finca en venta
423,"$ 2,650,000,000",4 Habs. ,4 Baños,270 m²,Prointegral,"Rionegro, Antioquia",Casa en venta
424,"$ 260,000,000",3 Habs. ,1 Baño,108 m²,D Logistica Inmobiliaria,"Rionegro, Antioquia",Casa en venta
425,"$ 450,000,000",3 Habs. ,2 Baños,69 m²,Esencia Inmobiliaria,"Rionegro, Antioquia",Apartamento en venta
426,"$ 6,200,000,000",3 Habs. ,4 Baños,3100 m²,Orienta Inmobiliaria,"Rionegro, Antioquia",Finca en venta
427,"$ 1,380,000,000",4 Habs. ,3 Baños,2525 m²,Activos Y Bienes SAS,"Rionegro, Antioquia",Casa Campestre en venta
428,"$ 475,000,000",2 Habs. ,2 Baños,60 m²,Grupo Integra,"Rionegro, Antioquia",Apartamento en venta
429,"$ 1,500,000,000",4 Habs. ,5 Baños,260 m²,GRUPO SANTAMARIA,"Rionegro, Antioquia",Finca en venta
430,"$ 3,700,000,000",4 Habs. ,6 Baños,1308 m²,GRUPO INNMOBILIARIO SAS,"Rionegro, Antioquia",Casa en venta
431,"$ 795,000,000",4 Habs. ,2 Baños,180 m²,Century 21 Radial,"Rionegro, Antioquia",Finca en venta
432,"$ 375,000,000",3 Habs. ,2 Baños,60 m²,Alberto Alvarez Venta,"Rionegro, Antioquia",Apartamento en  Venta
433,"$ 2,000,000,000",4 Habs. ,5 Baños,380 m²,Prointegral,"Rionegro, Antioquia",Casa en venta
434,"$ 980,000,000",2 Habs. ,3 Baños,180 m²,GRUPO SANTAMARIA,"Rionegro, Antioquia","Finca en venta, Rionegro"
435,"$ 450,000,000",3 Habs. ,2 Baños,74 m²,Habitamos Propiedad Raíz,"Rionegro, Antioquia",Apartamento en venta
436,"$ 550,000,000",3 Habs. ,2 Baños,88 m²,Arrendamientos Envigado,"Rionegro, Antioquia",Apartamento en  Venta
437,"$ 360,000,000",2 Habs. ,2 Baños,57 m²,Arrendamientos Envigado,"Rionegro, Antioquia",Apartamento en  Venta
438,"$ 890,000,000",3 Habs. ,3 Baños,128 m²,Proser Inmobiliaria,"Rionegro, Antioquia",Apartamento en venta
439,"$ 500,000,000",3 Habs. ,2 Baños,105 m²,PANDA FINCA RAIZ,"Rionegro, Antioquia",Casa en  Venta
440,"$ 475,000,000",2 Habs. ,2 Baños,60 m²,Petra Inmobiliaria,"Rionegro, Antioquia",Apartamento en venta
441,"$ 2,600,000,000",4 Habs. ,5 Baños,337 m²,GRUPO SANTAMARIA,"Rionegro, Antioquia",Casa en venta
442,"$ 420,000,000",2 Habs. ,2 Baños,70 m²,Merino Hermanos y Cía Ltda.,"Rionegro, Antioquia",Apartamento en venta
443,"$ 350,000,000",2 Habs. ,2 Baños,57 m²,MELISSA VASQUEZ PROPIEDAD RAIZ,"Rionegro, Antioquia",Apartamento en venta
444,"$ 285,000,000",1 Habs. ,2 Baños,53 m²,CITRUS INMOBILIARIA,"Rionegro, Antioquia",Apartamento en venta
445,"$ 5,900,000,000",3 Habs. ,4 Baños,520 m²,CANVAS RAIZ,"Rionegro, Antioquia",Finca en venta
446,"$ 750,000,000",2 Habs. ,2 Baños,165 m²,LONDOÑO & JARAMILLO INMOBILIARIA,"Rionegro, Antioquia",Apartamento en venta
447,"$ 850,000,000",4 Habs. ,3 Baños,6000 m²,Servicios Inmobiliarios Serviraices S.A.S,"Rionegro, Antioquia","Finca en venta, Rionegro"
448,"$ 2,750,000,000",3 Habs. ,4 Baños,361 m²,Prointegral,"Rionegro, Antioquia",Casa en venta
449,"$ 250,000,000",1 Habs. ,1 Baño,35 m²,Cuadra por Cuadra Inmobiliaria,"Rionegro, Antioquia",Apartamento en venta
450,"$ 360,000,000",3 Habs. ,2 Baños,59 m²,INDIKA,"Rionegro, Antioquia",Apartamento en venta
451,"$ 840,000,000",2 Habs. ,2 Baños,100 m²,Cava Home,"Rionegro, Antioquia",Apartamento en venta
452,"$ 1,100,000,000",2737 m²,3 Habs. ,2 Baños,PSC INMOBILIARIA,"Rionegro, Antioquia",Casa Lote en venta
453,"$ 220,000,000",48 m²,2 Habs. ,2 Baños,CITRUS INMOBILIARIA,"Rionegro, Antioquia",Apartamento en venta
454,"$ 350,000,000",58 m²,4 Habs. ,5 Baños,GRUPO SANTAMARIA,"Rionegro, Antioquia",Apartamento en venta
455,"$ 2,500,000,000",480 m²,3 Habs. ,2 Baños,Prointegral,"Rionegro, Antioquia",Casa en venta
456,"$ 280,000,000",54 m²,3 Habs. ,3 Baños,Portada Inmobiliaria - Ventas,"Rionegro, Antioquia","Apartamento en venta, Rionegro"
457,"$ 2,700,000,000",384 m²,3 Habs. ,4 Baños,Bienes en Red,"Rionegro, Antioquia",Casa en  Venta
458,"$ 1,100,000,000",208 m²,3 Habs. ,4 Baños,GRUPO SANTAMARIA,"Rionegro, Antioquia","Casa en venta, Rionegro"
459,"$ 4,000,000,000",424 m²,3 Habs. ,2 Baños,Prointegral,"Rionegro, Antioquia",Casa en venta
460,"$ 320,000,000",91 m²,5 Habs. ,6 Baños,Norte Inmobiliario S.A.S,"Rionegro, Antioquia",Apartamento en venta
461,"$ 3,200,000,000",455 m²,,,EMPORIO BIENES Y CAPITALES S.A.S,"Rionegro, Antioquia",Casa en  Venta
462,"$ 2,100,000,000",4 Habs. ,5 Baños,1580 m²,Arrendamientos Echeverri y Asociados,"Rionegro, Antioquia","Casa en venta, Rionegro"
463,"$ 3,900,000,000",3 Habs. ,3 Baños,374 m²,Coffee Realty SAS,"Rionegro, Antioquia",Finca en  Venta
464,"$ 230,000,000",3 Habs. ,2 Baños,60 m²,GRUPO VABAIT,"Rionegro, Antioquia",Apartamento en venta
465,"$ 520,000,000",3 Habs. ,2 Baños,73 m²,Andina Inmobiliaria,"Rionegro, Antioquia",Apartamento en  Venta
466,"$ 398,000,000",3 Habs. ,3 Baños,120 m²,DUQUE GIRALDO Y CIA SAS,"Rionegro, Antioquia",Casa en venta
467,"$ 280,000,000",3 Habs. ,2 Baños,82 m²,Proser Inmobiliaria,"Rionegro, Antioquia",Apartamento en venta
468,"$ 2,400,000,000",3 Habs. ,5 Baños,250 m²,Abad Faciolince S.A,"Rionegro, Antioquia",Finca en  Venta
469,"$ 3,600,000,000",3 Habs. ,4 Baños,420 m²,Inmobiliaria la Cumbre,"Rionegro, Antioquia","Casa en venta, Rionegro"
470,"$ 295,000,000",3 Habs. ,2 Baños,59 m²,Arrendamientos Londoño Gomez,"Rionegro, Antioquia",Apartamento en venta
471,"$ 300,000,000",3 Habs. ,2 Baños,549 m²,Rescom Propiedades SAS,"Rionegro, Antioquia",Apartamento en venta
472,"$ 550,000,000",4 Habs. ,4 Baños,200 m²,DUQUE GIRALDO Y CIA SAS,"Rionegro, Antioquia",Casa en venta
473,"$ 490,000,000",2 Habs. ,2 Baños,60 m²,Urve Inmobiliaria,"Rionegro, Antioquia",Apartamento en  Venta
474,"$ 840,000,000",3 Habs. ,5 Baños,340 m²,BROKER,"Rionegro, Antioquia",Casa en  Venta
475,"$ 460,000,000",1 Habs. ,2 Baños,65 m²,Activos Y Bienes SAS,"Rionegro, Antioquia",Local en venta
476,"$ 440,000,000",2 Habs. ,2 Baños,68 m²,Arrendamientos Envigado,"Rionegro, Antioquia",Apartamento en  Venta
477,"$ 498,000,000",2 Habs. ,2 Baños,65 m²,Arrendamientos Envigado,"Rionegro, Antioquia",Apartamento en  Venta
478,"$ 2,400,000,000",6 Habs. ,7 Baños,4340 m²,Activos Y Bienes SAS,"Rionegro, Antioquia",Casa Campestre en venta
479,"$ 5,400,000,000",3 Habs. ,7 Baños,660 m²,HOMES PROVENTO,"Rionegro, Antioquia",Casa en venta
480,"$ 600,000,000",3 Habs. ,4 Baños,170 m²,DUQUE GIRALDO Y CIA SAS,"Rionegro, Antioquia",Casa en venta
481,"$ 409,600,000",3 Habs. ,2 Baños,73 m²,INVERSIONES INMOBILIARIAS BR,"Rionegro, Antioquia",Apartamento en venta
482,"$ 1,200,000,000",3 Habs. ,2 Baños,260 m²,PSC INMOBILIARIA,"Rionegro, Antioquia","Casa en venta, Rionegro"
483,"$ 480,000,000",3 Habs. ,2 Baños,76 m²,Portada Inmobiliaria - Ventas,"Rionegro, Antioquia","Apartamento en venta, Rionegro"
484,"$ 1,700,000,000",2 Habs. ,3 Baños,240 m²,Livin Inmobiliaria,"Rionegro, Antioquia","Casa en venta, Rionegro"
485,"$ 408,000,000",3 Habs. ,2 Baños,77 m²,Grupo Empresarial Mi,"Rionegro, Antioquia",Apartamento en venta
486,"$ 1,100,000,000",4 Habs. ,6 Baños,321.98 m²,ARRENDAMIENTOS MEDELLIN,"Rionegro, Antioquia",Casa en venta
487,"$ 1,590,000,000",4 Habs. ,3 Baños,450 m²,HOMES PROVENTO,"Rionegro, Antioquia",Casa en  Venta
488,"$ 4,000,000,000",5 Habs. ,5 Baños,510 m²,Alberto Alvarez Venta,"Rionegro, Antioquia",Finca en  Venta
489,"$ 370,000,000",52 m²,3 Habs. ,2 Baños,CANVAS RAIZ,"Rionegro, Antioquia",Apartamento en venta
490,"$ 540,000,000",77 m²,4 Habs. ,3 Baños,Habitamos Propiedad Raíz,"Rionegro, Antioquia",Apartamento en venta
491,"$ 2,550,000,000",300 m²,2 Habs. ,2 Baños,Century 21 Radial,"Rionegro, Antioquia",Casa en venta
492,"$ 410,000,000",70 m²,4 Habs. ,4 Baños,Habitamos Propiedad Raíz,"Rionegro, Antioquia",Apartamento en venta
493,"$ 1,500,000,000",200 m²,3 Habs. ,2 Baños,ANA VELEZ PROPIEDAD RAIZ,"Rionegro, Antioquia",Casa en  Venta
494,"$ 270,000,000",120 m²,3 Habs. ,2 Baños,Servicios Inmobiliarios Serviraices S.A.S,"Rionegro, Antioquia","Casa en venta, Rionegro"
495,"$ 460,000,000",60 m²,3 Habs. ,2 Baños,Andina Inmobiliaria,"Rionegro, Antioquia",Apartamento en  Venta
496,"$ 395,000,000",70 m²,2 Habs. ,2 Baños,TU VIVIENDA VIP,"Rionegro, Antioquia",Apartamento en venta
497,"$ 270,000,000",59 m²,3 Habs. ,2 Baños,Portada Inmobiliaria - Ventas,"Rionegro, Antioquia","Apartamento en venta, Rionegro"
498,"$ 520,000,000",90 m²,3 Habs. ,2 Baños,GRUPO SANTAMARIA,"Rionegro, Antioquia","Apartamento en venta, Rionegro"
499,"$ 3,000,000,000",170 m²,3 Habs. ,4 Baños,Abad Faciolince S.A,"Rionegro, Antioquia",Finca en  Venta
500,"$ 950,000,000",195 m²,1 Habs. ,2 Baños,Prointegral,"Rionegro, Antioquia",Casa en venta
501,"$ 540,000,000",59 m²,3 Habs. ,3 Baños,HOMES PROVENTO,"Rionegro, Antioquia",Apartamento en  Venta
502,"$ 1,090,000,000",162 m²,2 Habs. ,5 Baños,CANVAS RAIZ,"Rionegro, Antioquia",Casa en venta
503,"$ 2,100,000,000",246 m²,,,GRUPO SANTAMARIA,"Rionegro, Antioquia",Casa en venta
504,"$ 259,000,000",2 Habs. ,2 Baños,59 m²,Linda peña,"Novaterra, Mosquera, Cundinamarca",Apartamento en  Venta
505,"$ 205,000,000",2 Habs. ,1 Baño,36 m²,MARGARITA FERNANDEZ INMOBILIARIA SAS,"Puente aranda, Bogotá, Bogotá, d.c.",Apartamento en venta
506,"$ 300,000,000",3 Habs. ,2 Baños,64 m²,Tinmo Agencia Inmobiliaria Digital,"Santa Anita, Cali, Valle del cauca",Apartamento en  Venta
507,"$ 850,000,000",5 Habs. ,6 Baños,302 m²,Inmobiliaria Alianza,"Mejoras publicas, Bucaramanga, Santander",Casa en venta
508,"$ 345,000,000",3 Habs. ,3 Baños,94 m²,Linda peña,"Mosquera, Cundinamarca",Casa en venta
509,"$ 800,000,000",2 Habs. ,3 Baños,115 m²,Inmobiliare - Julio Corredor desde 1960,"Chapinero, Bogotá, Bogotá, d.c.",Apartamento en  Venta
510,"$ 1,100,000,000",2 Habs. ,4 Baños,134.59 m²,Samia Dajud Investment Realty,"Chicó Reservado, Bogotá, Bogotá, d.c.",Apartamento en venta
511,"$ 1,200,000,000",4 Habs. ,4 Baños,340 m²,Inmobiliare - Julio Corredor desde 1960,"Modelia, Bogotá, Bogotá, d.c.",Casa en  Venta
512,"$ 235,000,000",3 Habs. ,2 Baños,51 m²,RENTABIEN,"Prados del Este, Cúcuta, Norte de santander",Apartamento en venta
513,"$ 850,000,000",3 Habs. ,3 Baños,203 m²,OSCAR CRUZ AGENTES INMOBILIARIOS,"Serena del Mar, Cartagena, Bolivar",Apartamento en venta
514,"$ 280,000,000",4 Habs. ,3 Baños,110 m²,MARIA LOZANO,"Nueva tequendama, Cali, Valle del cauca",Apartamento en  Venta
515,"$ 260,000,000",3 Habs. ,2 Baños,52 m²,ANA VARGAS REYES,"Nueva Castilla, Bogotá, Bogotá, d.c.",Apartamento en venta
516,"$ 380,000,000",1 Habs. ,2 Baños,55 m²,MARGARITA FERNANDEZ INMOBILIARIA SAS,"Cedritos, Bogotá, Bogotá, d.c.",Apartamento en  Venta
517,"$ 1,870,000,000",4 Habs. ,4 Baños,287 m²,Inmobiliare - Julio Corredor desde 1960,"El refugio, Bogotá, Bogotá, d.c.",Apartamento en  Venta
518,"$ 145,000,000",3 Habs. ,2 Baños,48 m²,MARIA LOZANO,"Las Vegas de Comfandi, Cali, Valle del cauca",Apartamento en  Venta
519,"$ 720,000,000",3 Habs. ,3 Baños,136 m²,Inmobiliaria Inverfin SAS,"Bocagrande, Cartagena, Bolivar",Apartamento en venta
520,"$ 410,000,000",3 Habs. ,2 Baños,86 m²,rodri.e.hinojosa,"La hacienda, Cali, Valle del cauca",Apartamento en  Venta
521,"$ 230,000,000",2 Habs. ,2 Baños,60 m²,Vivir Bien Asesores Inmobiliarios,"Cr. caminos de cajica ii, Cajicá, Cundinamarca",Apartamento en  Venta
522,"$ 1,070,000,000",2 Habs. ,2 Baños,124 m²,OSCAR CRUZ AGENTES INMOBILIARIOS,"Cartagena de indias, Cartagena, Bolivar",Apartamento en venta
523,"$ 340,000,000",3 Habs. ,2 Baños,98 m²,Vivir Bien Asesores Inmobiliarios,"Novaterra, Mosquera, Cundinamarca",Casa en  Venta
524,"$ 670,000,000",10 Habs. ,6 Baños,10000 m²,Salamanquita SAS,"Norcasia, Caldas",Finca en venta
525,"$ 355,000,000",3 Habs. ,1 Baño,70 m²,Arrendamientos Envigado,"Rionegro, Antioquia",Casa en  Venta
526,"$ 2,300,000,000",6 Habs. ,5 Baños,400 m²,GRUPO SANTAMARIA,"Rionegro, Antioquia",Casa en venta
527,"$ 790,000,000",2 Habs. ,2 Baños,160 m²,INDIKA,"Rionegro, Antioquia",Apartamento en venta
528,"$ 2,590,000,000",7 Habs. ,7 Baños,2500 m²,Merino Hermanos y Cía Ltda.,"Rionegro, Antioquia",Casa en venta
529,"$ 1,580,000,000",4 Habs. ,3 Baños,900 m²,Servicios Inmobiliarios Serviraices S.A.S,"Rionegro, Antioquia","Finca en venta, Rionegro"
530,"$ 1,400,000,000",5 Habs. ,4 Baños,270 m²,Inmobiliaria Gomez y Asociados,"Rionegro, Antioquia",Casa en  Venta
531,"$ 260,000,000",2 Habs. ,2 Baños,57 m²,Abad Faciolince S.A,"Rionegro, Antioquia",Apartamento en  Venta
532,"$ 325,000,000",3 Habs. ,2 Baños,57 m²,AEA CONSULTORIA SAS,"Rionegro, Antioquia",Apartamento en venta
533,"$ 4,100,000,000",4 Habs. ,6 Baños,472 m²,Prointegral,"Rionegro, Antioquia",Casa en venta
534,"$ 2,900,000,000",5 Habs. ,7 Baños,450 m²,ILAN INMOBILIARIA,"Rionegro, Antioquia",Casa Lote en venta
535,"$ 240,000,000",3 Habs. ,2 Baños,54 m²,INMOBILIARIA LA HEREDAD,"Rionegro, Antioquia",Apartamento en venta
536,"$ 200,000,000",2 Habs. ,1 Baño,70 m²,Inmobiliaria Gomez y Asociados,"Rionegro, Antioquia",Apartamento en  Venta
537,"$ 500,000,000",3 Habs. ,2 Baños,94 m²,Propiedades y Proyectos SAS,"Rionegro, Antioquia",Apartamento en venta
538,"$ 880,000,000",4 Habs. ,4 Baños,170 m²,CANVAS RAIZ,"Rionegro, Antioquia",Casa en venta
539,"$ 3,000,000,000",4 Habs. ,5 Baños,250 m²,HOMES PROVENTO,"Rionegro, Antioquia",Casa en  Venta
540,"$ 450,000,000",4 Habs. ,3 Baños,140 m²,ESTEFANIA CHAVARRIA,"Rionegro, Antioquia","Casa en venta, Medellín"
541,"$ 1,800,000,000",5 Habs. ,4 Baños,330 m²,Coffee Realty SAS,"Rionegro, Antioquia",Finca en  Venta
542,"$ 1,200,000,000",4 Habs. ,4 Baños,165 m²,Prointegral,"Rionegro, Antioquia",Casa en venta
543,"$ 3,600,000,000",4 Habs. ,4 Baños,530 m²,Prointegral,"Rionegro, Antioquia",Casa en venta
544,"$ 750,000,000",4 Habs. ,3 Baños,160 m²,Propiedades y Proyectos SAS,"Rionegro, Antioquia",Finca en venta
545,"$ 245,000,000",2 Habs. ,2 Baños,53 m²,BANCASA,"Rionegro, Antioquia",Apartamento en venta
546,"$ 750,000,000",4 Habs. ,3 Baños,191 m²,CANVAS RAIZ,"Rionegro, Antioquia",Casa en venta
547,"$ 5,500,000,000",4 Habs. ,5 Baños,670 m²,Orienta Inmobiliaria,"Rionegro, Antioquia",Finca en venta
548,"$ 315,000,000",3 Habs. ,2 Baños,57 m²,DUQUE GIRALDO Y CIA SAS,"Rionegro, Antioquia",Apartamento en venta
549,"$ 4,100,000,000",3 Habs. ,4 Baños,400 m²,Prointegral,"Rionegro, Antioquia",Casa en venta
550,"$ 340,000,000",2 Habs. ,2 Baños,58 m²,D Logistica Inmobiliaria,"Rionegro, Antioquia",Apartamento en venta
551,"$ 240,000,000",2 Habs. ,2 Baños,57 m²,Intermobiliario Poblado SAS,"Rionegro, Antioquia","Apartamento en venta, Rionegro"
552,"$ 400,000,000",2 Habs. ,2 Baños,77 m²,INDIKA,"Rionegro, Antioquia",Apartamento en venta
553,"$ 1,590,000,000",3 Habs. ,5 Baños,140 m²,GRUPO SANTAMARIA,"Rionegro, Antioquia",Apartamento en  Venta
554,"$ 1,200,000,000",4 Habs. ,5 Baños,170 m²,Prointegral,"Rionegro, Antioquia",Casa en venta
555,"$ 735,000,000",3 Habs. ,2 Baños,80 m²,ROMERO & CIA PROPIEDAD RAIZ S.A.S,"Rionegro, Antioquia",Apartamento en  Venta
556,"$ 4,900,000,000",5 Habs. ,4 Baños,300 m²,Coffee Realty SAS,"Rionegro, Antioquia",Finca en  Venta
557,"$ 2,200,000,000",3 Habs. ,2 Baños,25300 m²,PSC INMOBILIARIA,"Rionegro, Antioquia",Finca en venta
558,"$ 730,000,000",1 Habs. ,2 Baños,60 m²,Prointegral,"Rionegro, Antioquia",Apartamento en  Venta
559,"$ 500,000,000",1 Habs. ,2 Baños,60 m²,Abad Faciolince S.A,"Rionegro, Antioquia",Apartamento en  Venta
560,"$ 360,000,000",4 Habs. ,2 Baños,108 m²,Habitamos Propiedad Raíz,"Rionegro, Antioquia",Casa en venta
561,"$ 960,000,000",4 Habs. ,4 Baños,520 m²,GRUPO INNMOBILIARIO SAS,"Rionegro, Antioquia",Casa en venta
562,"$ 2,000,000,000",3 Habs. ,4 Baños,310 m²,Propiedades y Proyectos SAS,"Rionegro, Antioquia",Finca en venta
563,"$ 2,500,000,000",3 Habs. ,4 Baños,360 m²,CANVAS RAIZ,"Rionegro, Antioquia",Finca en venta
564,"$ 515,000,000",1 Habs. ,2 Baños,67 m²,CANVAS RAIZ,"Rionegro, Antioquia",Apartamento en venta
565,"$ 3,500,000,000",3 Habs. ,5 Baños,246 m²,Grupo Empresarial Mi,"Rionegro, Antioquia",Casa en venta
566,"$ 460,000,000",5 Habs. ,2 Baños,149 m²,DUQUE GIRALDO Y CIA SAS,"Rionegro, Antioquia",Casa en venta
567,"$ 230,000,000",2 Habs. ,2 Baños,54 m²,Norte Inmobiliario S.A.S,"Rionegro, Antioquia",Apartamento en  Venta
568,"$ 425,000,000",3 Habs. ,2 Baños,90 m²,D Logistica Inmobiliaria,"Rionegro, Antioquia",Apartamento en venta
569,"$ 460,000,000",2 Habs. ,2 Baños,60 m²,BROKER,"Rionegro, Antioquia",Apartamento en venta
570,"$ 800,000,000",3 Habs. ,3 Baños,141 m²,Century 21 Radial,"Rionegro, Antioquia",Casa en  Venta
571,"$ 541,494,000",2 Habs. ,2 Baños,68 m²,ROMERO & CIA PROPIEDAD RAIZ S.A.S,"Rionegro, Antioquia",Apartamento en  Venta
572,"$ 355,000,000",3 Habs. ,2 Baños,56 m²,Alberto Alvarez Venta,"Rionegro, Antioquia",Apartamento en  Venta
573,"$ 2,950,000,000",3 Habs. ,4 Baños,2861 m²,DUQUE GIRALDO Y CIA SAS,"Rionegro, Antioquia",Finca en venta
574,"$ 610,000,000",4 Habs. ,2 Baños,124 m²,MRZ Propiedad Raiz,"Rionegro, Antioquia",Casa en venta
575,"$ 620,000,000",2 Habs. ,2 Baños,68 m²,Abad Faciolince S.A,"Rionegro, Antioquia",Apartamento en  Venta
576,"$ 335,000,000",3 Habs. ,2 Baños,56 m²,D Logistica Inmobiliaria,"Rionegro, Antioquia",Apartamento en venta
577,"$ 2,600,000,000",4 Habs. ,5 Baños,450 m²,ARRENDAMIENTOS MEDELLIN,"Rionegro, Antioquia",Casa en venta
578,"$ 3,600,000,000",5 Habs. ,5 Baños,560 m²,INMOBILIARIA SELECTA,"Rionegro, Antioquia",Casa en venta
579,"$ 520,000,000",3 Habs. ,2 Baños,103 m²,DUQUE GIRALDO Y CIA SAS,"Rionegro, Antioquia",Apartamento en venta
580,"$ 380,000,000",3 Habs. ,2 Baños,71 m²,PSC INMOBILIARIA,"Rionegro, Antioquia","Apartamento en venta, Rionegro"
581,"$ 3,400,000,000",5 Habs. ,7 Baños,500 m²,GRUPO SANTAMARIA,"Rionegro, Antioquia","Finca en venta, Rionegro"
582,"$ 415,500,000",3 Habs. ,2 Baños,70 m²,Coninsa Ramón H. S.A.,"Rionegro, Antioquia",Apartamento en venta
583,"$ 350,000,000",3 Habs. ,2 Baños,57 m²,ARRENDAMIENTOS MEDELLIN,"Rionegro, Antioquia",Apartamento en venta
584,"$ 1,990,000,000",3 Habs. ,4 Baños,263 m²,BROKER,"Rionegro, Antioquia",Finca en venta
585,"$ 514,000,000",2 Habs. ,2 Baños,75 m²,Abad Faciolince S.A,"Rionegro, Antioquia",Apartamento en  Venta
586,"$ 520,000,000",3 Habs. ,2 Baños,90 m²,Arrendamientos Envigado,"Rionegro, Antioquia",Finca en  Venta
587,"$ 230,000,000",2 Habs. ,2 Baños,52 m²,Grupo Empresarial Mi,"Rionegro, Antioquia",Apartamento en venta
588,"$ 240,000,000",2 Habs. ,2 Baños,56 m²,J&F ÁREA INMOBILIARIA,"Rionegro, Antioquia",Apartamento en venta
589,"$ 2,300,000,000",3 Habs. ,3 Baños,240 m²,Century 21 Radial,"Rionegro, Antioquia",Finca en venta
590,"$ 500,000,000",2 Habs. ,2 Baños,60 m²,INVERSIONES INMOBILIARIAS BR,"Rionegro, Antioquia",Apartamento en venta
591,"$ 355,000,000",3 Habs. ,2 Baños,56 m²,Arrendamientos Envigado,"Rionegro, Antioquia",Apartamento en  Venta
592,"$ 440,000,000",3 Habs. ,2 Baños,163 m²,GRUPO SANTAMARIA,"Rionegro, Antioquia","Casa en venta, Rionegro"
593,"$ 7,638,000,000",5 Habs. ,6 Baños,640 m²,CANVAS RAIZ,"Rionegro, Antioquia",Finca en  Venta
594,"$ 3,850,000,000",3 Habs. ,6 Baños,430 m²,Prointegral,"Rionegro, Antioquia",Casa en  Venta
595,"$ 3,800,000,000",4 Habs. ,6 Baños,500 m²,GRUPO SANTAMARIA,"Rionegro, Antioquia","Casa en venta, Rionegro"
596,"$ 580,000,000",3 Habs. ,2 Baños,80 m²,PANDA FINCA RAIZ,"Rionegro, Antioquia",Apartamento en  Venta
597,"$ 240,000,000",3 Habs. ,2 Baños,54 m²,Coninsa Ramón H. S.A.,"Rionegro, Antioquia",Apartamento en venta
598,"$ 295,000,000",3 Habs. ,2 Baños,74 m²,Habitamos Propiedad Raíz,"Rionegro, Antioquia",Apartamento en venta
599,"$ 370,000,000",7 Habs. ,3 Baños,220 m²,DUQUE GIRALDO Y CIA SAS,"Rionegro, Antioquia",Casa en venta
600,"$ 2,500,000,000",4 Habs. ,4 Baños,280 m²,CANVAS RAIZ,"Rionegro, Antioquia",Finca en venta
601,"$ 490,000,000",2 Habs. ,2 Baños,64 m²,Angela Aristizabal Propiedad Raiz,"Rionegro, Antioquia",Apartamento en venta
602,"$ 3,000,000,000",4 Habs. ,3 Baños,216 m²,CANVAS RAIZ,"Rionegro, Antioquia",Finca en venta
603,"$ 440,000,000",2 Habs. ,2 Baños,58 m²,BROKER,"Rionegro, Antioquia","Apartamento en venta, Rionegro"
604,"$ 1,100,000,000",3 Habs. ,4 Baños,154 m²,Eme Propiedad Raiz,"Rionegro, Antioquia",Apartamento en  Venta
605,"$ 530,000,000",2 Habs. ,2 Baños,87 m²,Prointegral,"Rionegro, Antioquia",Apartamento en venta
606,"$ 3,500,000,000",3 Habs. ,4 Baños,350 m²,Inmobiliaria la Cumbre,"Rionegro, Antioquia",Casa en  Venta
607,"$ 1,630,000,000",8 Habs. ,7 Baños,379 m²,DUQUE GIRALDO Y CIA SAS,"Rionegro, Antioquia",Finca en venta
608,"$ 390,000,000",2 Habs. ,2 Baños,88 m²,Prointegral,"Rionegro, Antioquia",Apartamento en venta
